{"cameraMode":{"drawMode":0,"name":"Shaded","section":"Shading Mode"},"sceneLighting":false,"audioPlay":false,"sceneViewState":{"m_AlwaysRefresh":false,"showFog":true,"showSkybox":false,"showFlares":true,"showImageEffects":true,"showParticleSystems":true,"showVisualEffectGraphs":true,"m_FxEnabled":true},"in2DMode":false,"pivot":{"x":-17.879283905029298,"y":6.259825706481934,"z":8.534963607788086},"rotation":{"x":0.1985577493906021,"y":0.010315126739442349,"z":-0.01483997143805027,"w":0.9813140630722046},"size":0.9328263998031616,"orthographic":false}