{"cameraMode":{"drawMode":0,"name":"Shaded","section":"Shading Mode"},"sceneLighting":false,"audioPlay":false,"sceneViewState":{"m_AlwaysRefresh":false,"showFog":true,"showSkybox":false,"showFlares":true,"showImageEffects":true,"showParticleSystems":true,"showVisualEffectGraphs":true,"m_FxEnabled":true},"in2DMode":false,"pivot":{"x":-39.07236099243164,"y":0.7514495849609375,"z":24.447662353515626},"rotation":{"x":0.04072386771440506,"y":-0.3715279698371887,"z":-0.003981348127126694,"w":0.9291511178016663},"size":15.260683059692383,"orthographic":false}