{"cameraMode":{"drawMode":0,"name":"Shaded","section":"Shading Mode"},"sceneLighting":false,"audioPlay":false,"sceneViewState":{"m_AlwaysRefresh":false,"showFog":true,"showSkybox":false,"showFlares":true,"showImageEffects":true,"showParticleSystems":true,"showVisualEffectGraphs":true,"m_FxEnabled":true},"in2DMode":false,"pivot":{"x":-0.5773108601570129,"y":0.6224698424339294,"z":1.547600507736206},"rotation":{"x":0.21339474618434907,"y":-0.26791149377822878,"z":0.06122405454516411,"w":0.937783420085907},"size":2.0425806045532228,"orthographic":false}