{"cameraMode":{"drawMode":0,"name":"Shaded","section":"Shading Mode"},"sceneLighting":false,"audioPlay":false,"sceneViewState":{"m_AlwaysRefresh":false,"showFog":true,"showSkybox":false,"showFlares":true,"showImageEffects":true,"showParticleSystems":true,"showVisualEffectGraphs":true,"m_FxEnabled":true},"in2DMode":false,"pivot":{"x":-0.24845026433467866,"y":0.8412644267082214,"z":3.6401805877685549},"rotation":{"x":0.002075506839901209,"y":0.9895507097244263,"z":-0.12492361664772034,"w":0.08749784529209137},"size":0.000017320508050033823,"orthographic":false}