{"cameraMode":{"drawMode":0,"name":"Shaded","section":"Shading Mode"},"sceneLighting":false,"audioPlay":false,"sceneViewState":{"m_AlwaysRefresh":false,"showFog":false,"showSkybox":false,"showFlares":false,"showImageEffects":false,"showParticleSystems":false,"showVisualEffectGraphs":true,"m_FxEnabled":true},"in2DMode":false,"pivot":{"x":7.233959197998047,"y":1.9650300741195679,"z":-14.702208518981934},"rotation":{"x":-0.014881075359880925,"y":0.9766772985458374,"z":0.04405811429023743,"w":0.21484032273292542},"size":9.096521377563477,"orthographic":false}