{"cameraMode":{"drawMode":0,"name":"Shaded","section":"Shading Mode"},"sceneLighting":false,"audioPlay":false,"sceneViewState":{"m_AlwaysRefresh":false,"showFog":true,"showSkybox":false,"showFlares":true,"showImageEffects":true,"showParticleSystems":true,"showVisualEffectGraphs":true,"m_FxEnabled":true},"in2DMode":false,"pivot":{"x":1.0639227628707886,"y":1.9621349573135377,"z":1.8268187046051026},"rotation":{"x":-0.028791183605790139,"y":0.03207791596651077,"z":-0.00115250947419554,"w":-0.9992789626121521},"size":1.4747314453125,"orthographic":false}