{"cameraMode":{"drawMode":0,"name":"Shaded","section":"Shading Mode"},"sceneLighting":false,"audioPlay":false,"sceneViewState":{"m_AlwaysRefresh":false,"showFog":true,"showSkybox":false,"showFlares":true,"showImageEffects":true,"showParticleSystems":true,"showVisualEffectGraphs":true,"m_FxEnabled":true},"in2DMode":false,"pivot":{"x":0.5986976027488709,"y":1.2008583545684815,"z":1.4616814851760865},"rotation":{"x":-0.166248619556427,"y":0.12152998894453049,"z":-0.020857522264122964,"w":-0.9785493612289429},"size":2.080949544906616,"orthographic":false}