{"cameraMode":{"drawMode":0,"name":"Shaded","section":"Shading Mode"},"sceneLighting":false,"audioPlay":false,"sceneViewState":{"m_AlwaysRefresh":false,"showFog":true,"showSkybox":false,"showFlares":true,"showImageEffects":true,"showParticleSystems":true,"showVisualEffectGraphs":true,"m_FxEnabled":true},"in2DMode":false,"pivot":{"x":0.9247913956642151,"y":4.262789726257324,"z":-1.5548886060714722},"rotation":{"x":0.37284162640571597,"y":-0.05701687932014465,"z":0.02296510525047779,"w":0.9259160757064819},"size":0.988278865814209,"orthographic":false}