{"cameraMode":{"drawMode":0,"name":"Shaded","section":"Shading Mode"},"sceneLighting":false,"audioPlay":false,"sceneViewState":{"m_AlwaysRefresh":false,"showFog":true,"showSkybox":false,"showFlares":true,"showImageEffects":true,"showParticleSystems":true,"showVisualEffectGraphs":true,"m_FxEnabled":true},"in2DMode":false,"pivot":{"x":3.3893542289733888,"y":-0.08136235177516937,"z":-0.24883873760700227},"rotation":{"x":0.03051401488482952,"y":-0.6633588075637817,"z":0.02708297036588192,"w":0.7472378611564636},"size":0.8660253882408142,"orthographic":false}