{"cameraMode":{"drawMode":0,"name":"Shaded","section":"Shading Mode"},"sceneLighting":false,"audioPlay":false,"sceneViewState":{"m_AlwaysRefresh":false,"showFog":true,"showSkybox":false,"showFlares":true,"showImageEffects":true,"showParticleSystems":true,"showVisualEffectGraphs":true,"m_FxEnabled":true},"in2DMode":false,"pivot":{"x":4.571165845845826e-7,"y":0.0000035021530493395405,"z":-9.077593858819455e-7},"rotation":{"x":-0.16022555530071259,"y":-0.16072674095630647,"z":-0.04606813192367554,"w":0.9743725657463074},"size":0.000017320508050033823,"orthographic":false}