{"cameraMode":{"drawMode":0,"name":"Shaded","section":"Shading Mode"},"sceneLighting":false,"audioPlay":false,"sceneViewState":{"m_AlwaysRefresh":false,"showFog":false,"showSkybox":false,"showFlares":false,"showImageEffects":false,"showParticleSystems":false,"showVisualEffectGraphs":true,"m_FxEnabled":true},"in2DMode":false,"pivot":{"x":0.09681962430477143,"y":0.6698164939880371,"z":-1.4970768690109254},"rotation":{"x":0.0009183180518448353,"y":0.977636992931366,"z":-0.2117627114057541,"w":0.0027855036314576866},"size":2.570570230484009,"orthographic":false}