{"cameraMode":{"drawMode":0,"name":"Shaded","section":"Shading Mode"},"sceneLighting":false,"audioPlay":false,"sceneViewState":{"m_AlwaysRefresh":false,"showFog":true,"showSkybox":false,"showFlares":true,"showImageEffects":true,"showParticleSystems":true,"showVisualEffectGraphs":true,"m_FxEnabled":true},"in2DMode":false,"pivot":{"x":1.8173599243164063,"y":2.5068862438201906,"z":-3.2402548789978029},"rotation":{"x":0.09296078979969025,"y":-0.06946942210197449,"z":0.006684903055429459,"w":0.9934769868850708},"size":0.9664866328239441,"orthographic":false}