{"cameraMode":{"drawMode":0,"name":"Shaded","section":"Shading Mode"},"sceneLighting":false,"audioPlay":false,"sceneViewState":{"m_AlwaysRefresh":false,"showFog":true,"showSkybox":false,"showFlares":true,"showImageEffects":true,"showParticleSystems":true,"showVisualEffectGraphs":true,"m_FxEnabled":true},"in2DMode":false,"pivot":{"x":0.5490954518318176,"y":-4.4928460121154789,"z":-21.99954605102539},"rotation":{"x":-0.018190093338489534,"y":0.9958997964859009,"z":-0.10390593856573105,"w":0.010031534358859063},"size":13.2481050491333,"orthographic":false}