{"cameraMode":{"drawMode":0,"name":"Shaded","section":"Shading Mode"},"sceneLighting":false,"audioPlay":false,"sceneViewState":{"m_AlwaysRefresh":false,"showFog":false,"showSkybox":false,"showFlares":false,"showImageEffects":false,"showParticleSystems":false,"showVisualEffectGraphs":true,"m_FxEnabled":true},"in2DMode":false,"pivot":{"x":0.025780003517866136,"y":0.920066773891449,"z":1.5802288055419922},"rotation":{"x":0.00020319219038356096,"y":1.000044584274292,"z":0.022192878648638727,"w":-0.0015663244994357229},"size":0.4434907138347626,"orthographic":false}